{
	"display":
	{
		"icon": {"item": "minecraft:bricks"},
		"title": {"text": "Tower of Babel"},
		"description": {"text": "Alia autem omnes vos loqui linguis"},
		"hidden": "true",
		"frame": "challenge"
	},
	"parent": "lae:bible/flood",
	"rewards":
	{
		"experience": 50
	},
	"criteria":
	{
		"bricks":
		{
			"trigger": "minecraft:placed_block",
			"conditions":
			{
				"block": "minecraft:bricks",
				"location":
				{
					"position": {"y": {"min": 255}}
				}
			}
		}
	},
	"rewards":
	{
		"function": "lae:bible/advance"
	}
}
