{
	"display":
	{
		"icon": {"item": "minecraft:iron_nugget"},
		"title": {"text": "The Price Of Betrayal"},
		"description": {"text": "You monster"},
		"hidden": "true"
	},
	"parent": "lae:bible/water_walking",
	"criteria":
	{
		"nuggets":
		{
			"trigger": "minecraft:inventory_changed",
			"conditions":
			{
				"items":
				[
					{
						"item": "minecraft:iron_nugget",
						"count": 12
					}
				]
			}
		}
	},
	"rewards":
	{
		"function": "lae:bible/advance"
	}
}