{
	"display":
	{
		"icon": {"item": "minecraft:magma_block"},
		"title": {"text": "Fire and Brimstone"},
		"description": {"text": "Burn their souls!"},
		"frame": "goal"
	},
	"parent": "lae:bible/sin",
	"criteria":
	{
		"brimstone":
		{
			"trigger": "minecraft:inventory_changed",
			"conditions":
			{
				"items":
				[
					{
						"item": "minecraft:magma_block",
						"count": 64
					},
					{
						"item": "minecraft:soul_sand",
						"count": 64
					}
				]
			}
		}
	},
	"rewards":
	{
		"function": "lae:bible/advance"
	}
}