{
	"display":
	{
		"icon": {"item": "minecraft:grass_block"},
		"title": {"text": "The third day"},
		"description": {"text": "Dry groud and vegetation"}
	},
	"parent": "lae:bible/day_2",
	"criteria":
	{
		"grass_block":
		{
			"trigger": "minecraft:placed_block",
			"conditions": {"block": "minecraft:grass_block"}
		},
		"oak_sapling":
		{
			"trigger": "minecraft:placed_block",
			"conditions": {"block": "minecraft:oak_sapling"}
		},
		"spruce_sapling":
		{
			"trigger": "minecraft:placed_block",
			"conditions": {"block": "minecraft:spruce_sapling"}
		},
		"birch_sapling":
		{
			"trigger": "minecraft:placed_block",
			"conditions": {"block": "minecraft:birch_sapling"}
		},
		"jungle_sapling":
		{
			"trigger": "minecraft:placed_block",
			"conditions": {"block": "minecraft:jungle_sapling"}
		},
		"acacia_sapling":
		{
			"trigger": "minecraft:placed_block",
			"conditions": {"block": "minecraft:acacia_sapling"}
		},
		"dark_oak_sapling":
		{
			"trigger": "minecraft:placed_block",
			"conditions": {"block": "minecraft:dark_oak_sapling"}
		}
	},
	"requirements":
	[
		[
			"grass_block"
		],
		[
			"oak_sapling",
			"spruce_sapling",
			"birch_sapling",
			"jungle_sapling",
			"acacia_sapling",
			"dark_oak_sapling"
		]
	],
	"rewards":
	{
		"function": "lae:bible/advance"
	}
}