{
	"display":
	{
		"icon": {"item": "minecraft:feather"},
		"title": {"text": "Gentleness"},
		"description": {"text": "Use a gentle touch"}
	},
	"parent": "lae:bible/faithfulness",
	"criteria":
	{
		"pick":
		{
			"trigger": "minecraft:inventory_changed",
			"conditions":
			{
				"items":
				[
					{
						"item": "minecraft:diamond_pickaxe",
						"enchantments":
						[{"enchantment": "minecraft:silk_touch"}]
					}
				]
			}
		}
		,"shovel":
		{
			"trigger": "minecraft:inventory_changed",
			"conditions":
			{
				"items":
				[
					{
						"item": "minecraft:diamond_shovel",
						"enchantments":
						[{"enchantment": "minecraft:silk_touch"}]
					}
				]
			}
		}
		,"axe":
		{
			"trigger": "minecraft:inventory_changed",
			"conditions":
			{
				"items":
				[
					{
						"item": "minecraft:diamond_axe",
						"enchantments":
						[{"enchantment": "minecraft:silk_touch"}]
					}
				]
			}
		}
	},
	"rewards":
	{
		"function": "lae:bible/advance"
	}
}