{
	"display":
	{
		"icon": {"item": "minecraft:stone_button"},
		"title": {"text": "David v. Goliath"},
		"description": {"text": "Slay the giant with a pebble"}
	},
	"parent": "lae:bible/locusts",
	"criteria":
	{
		"button":
		{
			"trigger": "minecraft:player_killed_entity",
			"conditions":
			{
				"entity":
				{"type": "enderman"},
				"killing_blow":
				{
					"source_entity":
					{
						"nbt": "{SelectedItem:{id:\"minecraft:stone_button\"}}"
					}
				}
			}
		}
	},
	"rewards":
	{
		"function": "lae:bible/advance"
	}
}