{
	"display":
	{
		"icon": {"item": "minecraft:totem_of_undying"},
		"title": {"text": "Graven Images"},
		"description": {"text": "Do not bow down to them"}
	},
	"parent": "lae:bible/sign",
	"criteria":
	{
		"carved_pumpkin":
		{
			"trigger": "minecraft:placed_block",
			"conditions": {"block": "minecraft:carved_pumpkin"}
		}
		,"chiseled_quartz_block":
		{
			"trigger": "minecraft:placed_block",
			"conditions": {"block": "minecraft:chiseled_quartz_block"}
		}
		,"chiseled_sandstone":
		{
			"trigger": "minecraft:placed_block",
			"conditions": {"block": "minecraft:chiseled_sandstone"}
		}
		,"chiseled_red_sandstone":
		{
			"trigger": "minecraft:placed_block",
			"conditions": {"block": "minecraft:chiseled_red_sandstone"}
		}
		,"totem_of_undying":
		{
			"trigger": "minecraft:inventory_changed",
			"conditions":
			{
				"items": [{"item": "minecraft:totem_of_undying"}]
			}
		}
	},
	"rewards":
	{
		"function": "lae:bible/advance"
	}
}