{
	"display":
	{
		"icon": {"item": "minecraft:iron_horse_armor"},
		"title": {"text": "Four Horsemen"},
		"description": {"text": "Smite the Horsemen of the Apocalypse"},
		"frame": "goal"
	},
	"parent": "lae:bible/brimstone",
	"criteria":
	{
		"strike":
		{
			"trigger": "minecraft:channeled_lightning",
			"conditions":
			{
				"victims":
				[
					{
						"type": "minecraft:skeleton_horse",
						"nbt": "{SkeletonTrap: true}"
					}
				]
			}
		}
	},
	"rewards":
	{
		"function": "lae:bible/advance"
	}
}