{
	"display":
	{
		"icon": {"item": "minecraft:ravager_spawn_egg"},
		"title": {"text": "Lion's Den"},
		"description": {"text": "Soft kitty"},
		"frame": "goal"
	},
	"parent": "lae:bible/furnace",
	"criteria":
	{
		"punch":
		{
			"trigger": "minecraft:player_hurt_entity",
			"conditions":
			{
				"damage":
				{
					"source_entity":
					{
						"effects": {"minecraft:invisibility": {}}
					}
				},
				"entity":
				{
					"distance":
					{
						"absolute": {"max": 5}
					},
					"type": "ravager"
				}
			}
		}
	},
	"rewards":
	{
		"function": "lae:bible/advance"
	}
}