{
	"display":
	{
		"icon": {"item": "minecraft:music_disc_wait"},
		"title": {"text": "Psalmist"},
		"description": {"text": "Sing and make music from your heart to the Lord"},
		"frame": "challenge"
	},
	"parent": "lae:bible/music",
	"criteria":
	{
		"note_block":
		{
			"trigger": "minecraft:inventory_changed",
			"conditions":
			{
				"items":
				[
					{
						"item": "minecraft:note_block",
						"count": 64 
					}
				]
			}
		}
		,"jukebox":
		{
			"trigger": "minecraft:inventory_changed",
			"conditions":
			{
				"items":
				[
					{
						"item": "minecraft:jukebox",
						"count": 1 
					}
				]
			}
		}
		,"bell":
		{
			"trigger": "minecraft:inventory_changed",
			"conditions":
			{
				"items":
				[
					{
						"item": "minecraft:bell",
						"count": 1 
					}
				]
			}
		}
		,"13":
		{
			"trigger": "minecraft:inventory_changed",
			"conditions":
			{
				"items":
				[{"item": "minecraft:music_disc_13"}]
			}
		}
		,"cat":
		{
			"trigger": "minecraft:inventory_changed",
			"conditions":
			{
				"items":
				[{"item": "minecraft:music_disc_cat"}]
			}
		}
		,"blocks":
		{
			"trigger": "minecraft:inventory_changed",
			"conditions":
			{
				"items":
				[{"item": "minecraft:music_disc_blocks"}]
			}
		}
		,"chirp":
		{
			"trigger": "minecraft:inventory_changed",
			"conditions":
			{
				"items":
				[{"item": "minecraft:music_disc_chirp"}]
			}
		}
		,"far":
		{
			"trigger": "minecraft:inventory_changed",
			"conditions":
			{
				"items":
				[{"item": "minecraft:music_disc_far"}]
			}
		}
		,"mall":
		{
			"trigger": "minecraft:inventory_changed",
			"conditions":
			{
				"items":
				[{"item": "minecraft:music_disc_mall"}]
			}
		}
		,"mellohi":
		{
			"trigger": "minecraft:inventory_changed",
			"conditions":
			{
				"items":
				[{"item": "minecraft:music_disc_mellohi"}]
			}
		}
		,"stal":
		{
			"trigger": "minecraft:inventory_changed",
			"conditions":
			{
				"items":
				[{"item": "minecraft:music_disc_stal"}]
			}
		}
		,"strad":
		{
			"trigger": "minecraft:inventory_changed",
			"conditions":
			{
				"items":
				[{"item": "minecraft:music_disc_strad"}]
			}
		}
		,"ward":
		{
			"trigger": "minecraft:inventory_changed",
			"conditions":
			{
				"items":
				[{"item": "minecraft:music_disc_ward"}]
			}
		}
		,"11":
		{
			"trigger": "minecraft:inventory_changed",
			"conditions":
			{
				"items":
				[{"item": "minecraft:music_disc_11"}]
			}
		}
		,"wait":
		{
			"trigger": "minecraft:inventory_changed",
			"conditions":
			{
				"items":
				[{"item": "minecraft:music_disc_wait"}]
			}
		}
	},
	"rewards":
	{
		"function": "lae:bible/advance"
	}
}