{
    "display": 
	{
        "icon": {"item": "minecraft:oak_sign"},
        "title": {"text": "Writing on the wall"},
        "description": {"text": "Don't be like Belshazzar"}
    },
    "parent": "lae:bible/sin",
	"criteria": 
	{
        "oak_sign": 
		{
            "trigger": "minecraft:placed_block",
            "conditions": 
			{
                "item": {"item": "minecraft:oak_sign"}
            }
        },
        "spruce_sign": 
		{
            "trigger": "minecraft:placed_block",
            "conditions": 
			{
                "item": {"item": "minecraft:spruce_sign"}
            }
        },	
        "birch_sign": 
		{
            "trigger": "minecraft:placed_block",
            "conditions": 
			{
                "item": {"item": "minecraft:birch_sign"}
            }
        },
        "jungle_sign": 
		{
            "trigger": "minecraft:placed_block",
            "conditions":
			{
				"item": {"item": "minecraft:jungle_sign"}
            }
        },
        "acacia_sign": 
		{
            "trigger": "minecraft:placed_block",
            "conditions": 
			{
				"item": {"item": "minecraft:acacia_sign"}
            }
        },
        "dark_oak_sign": 
		{
            "trigger": "minecraft:placed_block",
            "conditions": 
			{
				"item": {"item": "minecraft:dark_oak_sign"}
            }
        }
    },
    "requirements": 
	[
		[
        "oak_sign",
        "spruce_sign",
		"birch_sign",
		"jungle_sign",
		"acacia_sign",
		"dark_oak_sign"
		]
    ],
	"rewards":
	{
		"function": "lae:bible/advance"
	}
}