{
	"display":
	{
		"icon": {"item": "minecraft:bread"},
		"title": {"text": "Lord's Supper"},
		"description": {"text": "This do in rememberance of me"}
	},
	"parent": "lae:bible/betrayal",
	"criteria":
	{
		"health_1":
		{
			"trigger": "minecraft:inventory_changed",
			"conditions":
			{
				"items":
				[
					{
						"item": "minecraft:potion",
						"potion": "minecraft:healing"
					}
					,{
						"item": "minecraft:bread"
					}
				]
			}
		}
		,"health_2":
		{
			"trigger": "minecraft:inventory_changed",
			"conditions":
			{
				"items":
				[
					{
						"item": "minecraft:potion",
						"potion": "minecraft:strong_healing"
					}
					,{
						"item": "minecraft:bread"
					}
				]
			}
		}
		,"regen_1":
		{
			"trigger": "minecraft:inventory_changed",
			"conditions":
			{
				"items":
				[
					{
						"item": "minecraft:potion",
						"potion": "minecraft:regeneration"
					}
					,{
						"item": "minecraft:bread"
					}
				]
			}
		}
		,"regen_2":
		{
			"trigger": "minecraft:inventory_changed",
			"conditions":
			{
				"items":
				[
					{
						"item": "minecraft:potion",
						"potion": "minecraft:strong_regeneration"
					}
					,{
						"item": "minecraft:bread"
					}
				]
			}
		}
		,"regen_3":
		{
			"trigger": "minecraft:inventory_changed",
			"conditions":
			{
				"items":
				[
					{
						"item": "minecraft:potion",
						"potion": "minecraft:long_regeneration"
					}
					,{
						"item": "minecraft:bread"
					}
				]
			}
		}
	},
	"requirements":
	[
		[
			"health_1"
			,"health_2"
			,"regen_1"
			,"regen_2"
			,"regen_3"
		]
	],
	"rewards":
	{
		"function": "lae:bible/advance"
	}
}