{
	"display":
	{
		"icon": {"item": "minecraft:bowl"},
		"title": {"text": "The Worst Trade"},
		"description": {"text": "Must have been really hungry"}
	},
	"parent": "lae:bible/burnt_offering",
	"criteria":
	{
		"beetroot":
		{
			"trigger": "minecraft:consume_item",
			"conditions":
			{
				"item": {"item": "minecraft:beetroot_soup"}
			}
		}
		,"rabbit":
		{
			"trigger": "minecraft:consume_item",
			"conditions":
			{
				"item": {"item": "minecraft:rabbit_stew"}
			}
		}
		,"mushroom":
		{
			"trigger": "minecraft:consume_item",
			"conditions":
			{
				"item": {"item": "minecraft:mushroom_stew"}
			}
		}
		,"suspicious":
		{
			"trigger": "minecraft:consume_item",
			"conditions":
			{
				"item": {"item": "minecraft:suspicious_stew"}
			}
		}
	},
	"requirements":
	[
		[
			"beetroot"
			,"rabbit"
			,"mushroom"
			,"suspicious"
		]
	],
	"rewards":
	{
		"function": "lae:bible/advance"
	}
}